"Status","Start Time","Stop Time","Duration in ms","Parent Suite","Suite","Sub Suite","Test Class","Test Method","Name","Description"
"passed","Fri Oct 21 18:40:02 GMT 2022","Fri Oct 21 18:40:05 GMT 2022","2003","","GuitarGuitar Tests","","GuitarGuitar Tests","displays the GuitarGuitar logo","displays the GuitarGuitar logo",""
"passed","Fri Oct 21 18:39:47 GMT 2022","Fri Oct 21 18:39:49 GMT 2022","2018","","AV Production Tests","","AV Production Tests","displays the AV logo [Production]","displays the AV logo [Production]",""
"passed","Fri Oct 21 18:39:51 GMT 2022","Fri Oct 21 18:39:53 GMT 2022","2454","","Cash Converters Tests","","Cash Converters Tests","displays the Cash Converters logo","displays the Cash Converters logo",""
"passed","Fri Oct 21 18:39:54 GMT 2022","Fri Oct 21 18:39:56 GMT 2022","1296","","Curly Music Tests","","Curly Music Tests","displays the Curly Music logo","displays the Curly Music logo",""
"passed","Fri Oct 21 18:40:10 GMT 2022","Fri Oct 21 18:40:13 GMT 2022","2612","","Normans Music Tests","","Normans Music Tests","displays the Normans Music logo","displays the Normans Music logo",""
"passed","Fri Oct 21 18:40:06 GMT 2022","Fri Oct 21 18:40:09 GMT 2022","2749","","HMV Tests","","HMV Tests","displays the HMV logo","displays the HMV logo",""
"passed","Fri Oct 21 18:40:00 GMT 2022","Fri Oct 21 18:40:01 GMT 2022","1289","","G4M Production Tests","","G4M Production Tests","displays the G4m logo [Production]","displays the G4m logo [Production]",""
"passed","Fri Oct 21 18:40:14 GMT 2022","Fri Oct 21 18:40:17 GMT 2022","2978","","PMT Tests","","PMT Tests","displays the PMT logo","displays the PMT logo",""
"passed","Fri Oct 21 18:39:57 GMT 2022","Fri Oct 21 18:39:59 GMT 2022","1601","","eBay Tests","","eBay Tests","displays the eBay logo","displays the eBay logo",""
